 , , , , 
Mon Feb 12 21:06:09 +0000 2018,963157301329874946,1917218150,Stuart Widro,"RT @The2ndA: @BarackObama enjoying his new seat at #WrigleyField!

#ObamaPortraits 
#ObamaPortrait 
#BarackObama 
#Barack
#MondayMotivation‚Ä¶"
Mon Feb 12 21:06:11 +0000 2018,963157307927486464,843418526601875457,choey2k17,@WhatsTrending @BarackObama @MichelleObama üôèüèΩüôèüèΩüôèüèΩüôèüèΩüôèüèΩ
 , , , , 
Mon Feb 12 21:06:12 +0000 2018,963157311329009665,3291617988,Renee,"RT @REALtrumpbureau: GET OUT THE #PITCHFORKS AMERICA 
IT'S TIME TO #JAILHILLARY

WE ARE #OUTOFPATIENCE 
#ENFORCE THE #RULEOFLAW 

@newtging‚Ä¶"
Mon Feb 12 21:06:12 +0000 2018,963157313476550656,340441440,Philip Gourevitch,wait - his official portrait shows him on the set of between two ferns? https://t.co/1usHFpiNUZ
Mon Feb 12 21:06:13 +0000 2018,963157314462257152,310590377,Deathtrap Culdesac,@dustbiddy @JebBush remember when a bunch of leftbook kids raised money to ship him a birthday cake and a copy of Kapital
Mon Feb 12 21:06:13 +0000 2018,963157314923651072,474524867,Jo Ella Rash,RT @EuroRaver: @MaxineWaters @SavingAmerica4U @RepMaxineWaters @NancyPelosi @BarackObama @HillaryClinton @BillClinton @SenSanders @SenSchum‚Ä¶
Mon Feb 12 21:06:13 +0000 2018,963157318253789186,928377838608060416,AZMorganüá∫üá∏üá∫üá∏MAGAüá∫üá∏WE WIN,@T_S_P_O_O_K_Y @BarackObama It doesn‚Äôt look very Presidential and he looks like he is in pain.
Mon Feb 12 21:06:13 +0000 2018,963157318367043584,899823425799176192,talking7stick,"RT @President1Trump: ATROPHIED BRAIN üß† Ruth Bader Ginsburg blames ‚Äòmacho atmosphere, (I suppose she‚Äôs referring to  @POTUS) and ‚Äòsexism‚Äô fo‚Ä¶"
Mon Feb 12 21:06:13 +0000 2018,963157318434213888,823740667193159680,GrowThruLIFE,@andyharnik @jaketapper @BarackObama @MichelleObama Wasn't THIS Artist the one who paints pics of African women hol‚Ä¶ https://t.co/pksVTnT9jm
Mon Feb 12 21:06:14 +0000 2018,963157319252135936,540245338,RobertMCle,"@derekahunter @BarackObama @MichelleObama I like the portrait of President Obama.  The one of Michelle, however...‚Ä¶ https://t.co/L8Ipdpu0q4"
Mon Feb 12 21:06:15 +0000 2018,963157323643420672,24378370,TJ,@ValerieJarrett @BarackObama We definitely don't miss the most courpt admin in the history of this great country!
Mon Feb 12 21:06:15 +0000 2018,963157326411763713,494305477,Jazmin Kay,RT @andyharnik: Former President @BarackObama looks at the official portrait of former first lady @MichelleObama at the Smithsonian's Natio‚Ä¶
Mon Feb 12 21:06:15 +0000 2018,963157326466355203,315331161,Eugene Scott,RT @andyharnik: Former President @BarackObama looks at the official portrait of former first lady @MichelleObama at the Smithsonian's Natio‚Ä¶
Mon Feb 12 21:06:16 +0000 2018,963157329431683078,20702013,Jay,"RT @SiddonsDan: NO DACA

‚ñ™Ô∏èDon‚Äôt Blame President @realDonaldTrump 
‚ñ™Ô∏èDon‚Äôt Blame The Kids
‚ñ™Ô∏èDon‚Äôt Blame This Parents
‚ñ™Ô∏èBLAME PRESIDENT @Bar‚Ä¶"
Mon Feb 12 21:06:16 +0000 2018,963157330018930688,17346158,Julie,RT @andyharnik: Former President @BarackObama looks at the official portrait of former first lady @MichelleObama at the Smithsonian's Natio‚Ä¶
Mon Feb 12 21:06:17 +0000 2018,963157332514496513,883066790812712960,Laurelt1,RT @beefynobeef: Next time you get on an airplane üõ´unfortunately you gotta make An announcement  before liftoff asking if anybody ever did‚Ä¶
 , , , , 
Mon Feb 12 21:06:17 +0000 2018,963157334037073923,3131936551,Justin ‚è∞,RT @InstantRHIplay: President @BarackObama's official presidential portrait has now been unveiled. Kehinde Wiley produced the 44th presiden‚Ä¶
Mon Feb 12 21:06:18 +0000 2018,963157335714750465,793954510590722048,üíñAnnamayzing1üíû,@DemSoc100 @MarvinKey74 @NCBerniecrat @teachers4bernie @KPfor3 @monsoon2112 @socialist_angel @joshfoxfilm‚Ä¶ https://t.co/RGPS7aV55B
Mon Feb 12 21:06:18 +0000 2018,963157339380637697,101871379,BOOd opinions dog,i remember watching this at a starbucks and my gf at the time and her friend told me to stop hootin and hollerin https://t.co/QITkMnb8kt
Mon Feb 12 21:06:18 +0000 2018,963157339510538241,1934964421,Lois Newton,"RT @Patrickesque: What Happened by @HillaryClinton was named a best book of the year by:
‚úîÔ∏è The New York Times
‚úîÔ∏è The Washington Post
‚úîÔ∏è NP‚Ä¶"
Mon Feb 12 21:06:19 +0000 2018,963157341091876864,3397872347,Teresa Ouellette,@smithsonian @MaryJeanAdams @BarackObama @kehindewileyart @MichelleObama @NPG Nothing representing Indonesia where‚Ä¶ https://t.co/cdkTk2N2Y5
Mon Feb 12 21:06:19 +0000 2018,963157342144647168,3065747355,ms_canadada,@Frank_Schaeffer The entire @BarackObama  #family are #amazing They #epitomize #grace &amp; #dignity.
Mon Feb 12 21:06:20 +0000 2018,963157344887730176,797171637204422656,üí•Pam Lukasüí• RESIST,"RT @parvezahmed: @mkraju So @ChuckGrassley and @LindseyGrahamSC are upset that @BarackObama wanted to do things ""by the book"" but are happy‚Ä¶"
Mon Feb 12 21:06:20 +0000 2018,963157346380853248,450587351,Catriona Mackenzie,"This is the best lighting on the #ObamaPortraits that I've seen in tweets. Some pics posted made me unsure, but see‚Ä¶ https://t.co/sTNiaubUbH"
Mon Feb 12 21:06:22 +0000 2018,963157352336777216,2898040650,Diamond White,RT @angela_rye: My President @barackobama and my #FirstLady @michelleobama immortalized on canvas by artists @kehindewileyart and #AmyShera‚Ä¶
Mon Feb 12 21:06:24 +0000 2018,963157360788279298,817351745374482434,Cheryl Pruitt,@SarahLongshot @JackCra39221536 @DeeLGBT @realDonaldTrump @BarackObama üòÇüòÇüòÇüòÇWaPo seriously how many times in the pas‚Ä¶ https://t.co/zQJjr4GgMT
Mon Feb 12 21:06:24 +0000 2018,963157362038145025,2319167748,‚ùÑ PERSIST/RESIST ‚ùÑ üåäüåäüåä,"RT @SusResister: I miss @BarackObama &amp; @MichelleObama

Retweet if you do too. https://t.co/eapeTKbumR"
Mon Feb 12 21:06:24 +0000 2018,963157362084163584,20353156,Jose Huizar,RT @Richelle_Huizar: Congrats 2 @kehindewiley &amp; Amy Sherald on their beautiful portraits of President @BarackObama &amp; @MichelleObama.  Both‚Ä¶
Mon Feb 12 21:06:24 +0000 2018,963157363019735040,24614579,Michael DeNardo,"RT @SumatraSue: Whenever I think of @HillaryClinton I flash back to the 200+ girls captured by the horrendous terror grp BOKO HARUM.
As Sec‚Ä¶"
Mon Feb 12 21:06:24 +0000 2018,963157364152020992,798965688614301696,Here's My Nunes,@amoreimarketing @tctagc @DiogenesLamp0 @Raypatrick7734 @evan_manifesto @RedPilledinNY @Pr0litical @burkanuck‚Ä¶ https://t.co/eYvgjsps84
Mon Feb 12 21:06:24 +0000 2018,963157364252856320,907683178575474688,Cryptard,@deborahc613 @andyharnik @BarackObama @MichelleObama The woman in the portrait is far more attractive than the real‚Ä¶ https://t.co/usbfcJPSmo
Mon Feb 12 21:06:25 +0000 2018,963157364726738945,2825141992,Ruom Ritt,"RT @jacobinmag: ""I am proud to say that Henry Kissinger is not my friend.""

Two years ago today @BernieSanders attacked the legacy of Henry‚Ä¶"
Mon Feb 12 21:06:25 +0000 2018,963157366870040577,926407279204864001,Barbara Mitchell,"RT @SiddonsDan: NO DACA

‚ñ™Ô∏èDon‚Äôt Blame President @realDonaldTrump 
‚ñ™Ô∏èDon‚Äôt Blame The Kids
‚ñ™Ô∏èDon‚Äôt Blame This Parents
‚ñ™Ô∏èBLAME PRESIDENT @Bar‚Ä¶"
Mon Feb 12 21:06:25 +0000 2018,963157365213233153,183411039,Charity,@BarackObama Pic is as embarrassing as your presidency.   #prisonistogoodforyou #traitor. @POTUS  America first p https://t.co/2n0cocKyl0
Mon Feb 12 21:06:26 +0000 2018,963157371215327232,923555590323945474,Darlene Hendrickson,RT @enki74: #VisibleWomen @HannahTempler https://t.co/iCiPBW7IQY
Mon Feb 12 21:06:26 +0000 2018,963157371416702981,279319442,FamousPixs,"RT @BillieJeanKing: The #ObamaPortraits are simply stunning. Cheers to the artists, @kehindewiley and #AmySherald, for so brilliantly captu‚Ä¶"
Mon Feb 12 21:06:27 +0000 2018,963157373643829248,2765782269,Kilimo_Msetoüáπüáø,"RT @erickkimanijr: Mchoro uliomsisimua Raisi mstaafu wa Marekani @BarackObama uliochorwa na mtu mweusi!
Mchoro huu utawekwa katika chumba c‚Ä¶"
Mon Feb 12 21:06:27 +0000 2018,963157376340840448,961520981247315968,Dodie Rhoades,"RT @TinaTweetsToo: Help make it Viral! The official Hillary Mug Shot mug! 

https://t.co/qeThm9nz1U 

#lockherup @HillaryClinton #MAGA @rea‚Ä¶"
Mon Feb 12 21:06:27 +0000 2018,963157376567316480,35196540,Michael Jones,"RT @SusResister: Let‚Äôs irritate Trump. 

You should do this only if you can. 

Put up a photo of @BarackObama as your profile pic to celebr‚Ä¶"
Mon Feb 12 21:06:27 +0000 2018,963157376198238210,27305592,Joanna Reynolds,RT @smithsonian: Presenting the #ObamaPortraits: President @BarackObama‚Äôs portrait by @kehindewileyart and Mrs. @MichelleObama‚Äôs portrait b‚Ä¶
Mon Feb 12 21:06:29 +0000 2018,963157382040817664,90888044,TEXASian Red Neck,@smithsonian @BarackObama @kehindewileyart @MichelleObama @NPG He looks like he's...sitting on a toilet and she loo‚Ä¶ https://t.co/hL7kJYfMsy
Mon Feb 12 21:06:29 +0000 2018,963157384607789056,271243110,Yorkie,RT @KamalaHarris: These official portraits of @BarackObama and @MichelleObama are stunning. Congratulations to @kehindewiley on becoming th‚Ä¶
Mon Feb 12 21:06:30 +0000 2018,963157389053751296,821126656668692480,ü•ÅJeanine üé§üéºüé∏,"RT @T_S_P_O_O_K_Y: As I knew at the time  - Marie Harf was lying - as as Jim Clapper, John Brennan and every other former member of the @Ba‚Ä¶"
Mon Feb 12 21:06:31 +0000 2018,963157391004045312,132185489,Mark Martin,@OfficialJonZal @BarackObama The colors are so different.  Great paintings.
Mon Feb 12 21:06:31 +0000 2018,963157391725465600,2733358008,AndyMangin,@rednoz @seanhannity @BarackObama Oh you mean all those shovel on hand jobs Obama took millions for that never existed???
Mon Feb 12 21:06:31 +0000 2018,963157394028220419,39118722,Jonathan Ferguson,"@barackobama is a vile, Marxist, genocida,l anti-White racist. Imagine if @potus hired an artist who paints picture‚Ä¶ https://t.co/8XNrX2gN3V"
Mon Feb 12 21:06:32 +0000 2018,963157396662181888,712552463174393856,#NOTaDEMockracy,"RT @jacobinmag: ""I am proud to say that Henry Kissinger is not my friend.""

Two years ago today @BernieSanders attacked the legacy of Henry‚Ä¶"
Mon Feb 12 21:06:32 +0000 2018,963157397262004232,47132676,Sean Dougherty,@girlsreallyrule @BarackObama I love Amy Sherald and I love Mrs. Obama‚Äôs portrait.
Mon Feb 12 21:06:32 +0000 2018,963157397458927616,712967096,ODd BaLL'z PlACe ‚ôà,"RT @wonky_wonk: The official portraits. 

@BarackObama by Kehinde Wiley. @MichelleObama by Amy Sherald.

Oh, how we miss them. 

#President‚Ä¶"
Mon Feb 12 21:06:32 +0000 2018,963157397966544896,758668075,Aaron Wexley,RT @ChrissyCole: Excuse the dramatic gasp. Kehinde Wiley's portrait of @BarackObama is literally breathtaking. https://t.co/9wgmViyp45
Mon Feb 12 21:06:33 +0000 2018,963157398922784769,2957455735,michael ray,@txtrumpgirl @BarackObama Thank God that Proctor &amp; Gamble are working dilligently for a cure for Obama's ailment.‚Ä¶ https://t.co/0vk2Ah84e5
Mon Feb 12 21:06:36 +0000 2018,963157414584438787,2884813107,Scott Dunn,@brunanessif @BarackObama The best do ever do it
Mon Feb 12 21:06:37 +0000 2018,963157416304107521,2211873487,msmartinez,"RT @AntonioArellano: Congratulations to @BarackObama and @MichelleObama on their historic portrait unveiling at
the Smithsonian‚Äôs National‚Ä¶"
Mon Feb 12 21:06:37 +0000 2018,963157416681631744,50010587,Stephanie,"RT @CJohns555: Marie Harf worked at the State Department. 

üëâüèª#SheKnew

üëâüèª #ObamaGate https://t.co/D4e0ZkwwJr"
Mon Feb 12 21:06:37 +0000 2018,963157417864433664,486072080,Dena Raymer,@davidaxelrod @BarackObama @MichelleObama Love that MO had her gorgeous arms on display...wish the Pres had worn th‚Ä¶ https://t.co/ptZFBK8PYk
Mon Feb 12 21:06:39 +0000 2018,963157424524931078,410236826,Adam Forman,"RT @BPEricAdams: #Brooklyn's proud of #KehindeWiley, who's had a great creative impact on our borough, for becoming the 1st #AfricanAmerica‚Ä¶"
Mon Feb 12 21:06:39 +0000 2018,963157425053319168,701120390,Judy Hamilton,"RT @peterdaou: I disagreed with some of Obama's policies (primarily on drones + civil liberties), but there is no question that @MichelleOb‚Ä¶"
Mon Feb 12 21:06:40 +0000 2018,963157431676174337,832101970844479488,Eliza Crispin,"@labuda_robert @jayMAGA45 @AdamSchiffCA @BarackObama Here, here!"
Mon Feb 12 21:06:41 +0000 2018,963157434423443456,960830564050796544,Julie Kromka,"RT @TinaTweetsToo: Help make it Viral! The official Hillary Mug Shot mug! 

https://t.co/qeThm9nz1U 

#lockherup @HillaryClinton #MAGA @rea‚Ä¶"
Mon Feb 12 21:06:42 +0000 2018,963157437019602945,880816717097615360,DS,@FoxNews @BarackObama @MichelleObama I didn't like the Obamas policies but it's a portrait of they are happy that's‚Ä¶ https://t.co/HCWml1JbR7
Mon Feb 12 21:06:43 +0000 2018,963157440987623424,257235857,llg007,"@ValerieJarrett @AprilDRyan @BarackObama no, not all of us #MAGA"
Mon Feb 12 21:06:43 +0000 2018,963157441495162880,832101970844479488,Eliza Crispin,"RT @labuda_robert: @AdamSchiffCA 

Don‚Äôt allow the pundits in the liberal media to fool you Schiff; we‚Äôre onto you. 

You are actively obst‚Ä¶"
Mon Feb 12 21:06:43 +0000 2018,963157441784377344,115067931,RESIST!,@POTUS wow @BarackObama has almost 100 million followers compared to your 22 million.  Guess who America hates hahahahaha
Mon Feb 12 21:06:43 +0000 2018,963157443483258882,173610227,Franklin Aloysius,"RT @CauzNEffect: ‚ÄúWater Your Garden, My Nigga‚Äù
-@BarackObama https://t.co/4oLssw90TQ"
Mon Feb 12 21:06:43 +0000 2018,963157443973959683,275825631,Francesca Eremeeva,RT @KamalaHarris: These official portraits of @BarackObama and @MichelleObama are stunning. Congratulations to @kehindewiley on becoming th‚Ä¶
Mon Feb 12 21:06:46 +0000 2018,963157454073679872,4250986814,4EvaDoinMe,RT @KamalaHarris: These official portraits of @BarackObama and @MichelleObama are stunning. Congratulations to @kehindewiley on becoming th‚Ä¶
Mon Feb 12 21:06:46 +0000 2018,963157455113826304,2899830318,makenna,RT @KamalaHarris: These official portraits of @BarackObama and @MichelleObama are stunning. Congratulations to @kehindewiley on becoming th‚Ä¶
Mon Feb 12 21:06:46 +0000 2018,963157455914987520,82813010,Dianna Darling,RT @KamalaHarris: These official portraits of @BarackObama and @MichelleObama are stunning. Congratulations to @kehindewiley on becoming th‚Ä¶
Mon Feb 12 21:06:47 +0000 2018,963157457018261504,199933860,RedR,RT @KrisParonto: As Long As I‚Äôm Doing the Right Thing God Will Take Care of Me #Tanto ....... comin‚Äô for you @HillaryClinton and for all of‚Ä¶
Mon Feb 12 21:06:47 +0000 2018,963157459228651520,17857706,cf4msu,"RT @Zimrico: When there is no equality before the law, there is no law. Only a descent into chaos. When enough people believe there is no e‚Ä¶"
Mon Feb 12 21:06:47 +0000 2018,963157459736043520,758477679402229764,gabi the misanthrope comes with a warning labelüåà,"RT @Logic_Triumphs: ‚≠ê‚≠ê‚≠ê‚≠ê‚≠ê
Barack Obama has 99.7 million followers.
It would kill Donald Trump if Obama hit 100 million. Whatever you do do‚Ä¶"
Mon Feb 12 21:06:47 +0000 2018,963157460516208641,795010116881784832,Still Just Rick   üá∫üá∏,@DrSchmalz @wwwillstand @BarackObama @smithsonian @POTUS When did The United States of America start honoring Kenya‚Ä¶ https://t.co/afqBuXZbbu
Mon Feb 12 21:06:48 +0000 2018,963157464991584257,3433225583,Clark Boutwell,"@FoxNews @BarackObama @MichelleObama Amazing
I think this deserves the widest possible distribution
Might I suggest‚Ä¶ https://t.co/2n1iBrEPwv"
Mon Feb 12 21:06:49 +0000 2018,963157466640011264,862231634,djp,"RT @krassenstein: I'm not sure what I like more... 

President Obama's official portrait, or the fact that he chose a gay black man to pain‚Ä¶"
Mon Feb 12 21:06:49 +0000 2018,963157467994755072,12238592,Scott Stulen,RT @Philbrook: Loving the new @kehindewiley portrait of @BarackObama unveiled today at @NPG. See our new Wiley piece in the Villa. Now on v‚Ä¶
Mon Feb 12 21:06:49 +0000 2018,963157468594532358,201147402,Proud ET2,"RT @SusResister: I miss @BarackObama &amp; @MichelleObama

Retweet if you do too. https://t.co/eapeTKbumR"
Mon Feb 12 21:06:50 +0000 2018,963157470595158016,489025079,RosauraGonzaleMarcos,RT @UniNoticias: .@MichelleObama y @BarackObama rompen con la tradici√≥n en la Galer√≠a Nacional. https://t.co/X8eT0Q8uX9 https://t.co/NnYa2U‚Ä¶
Mon Feb 12 21:06:50 +0000 2018,963157471543078912,16880560,(((Lynn lynn))),RT @PGourevitch: wait - his official portrait shows him on the set of between two ferns? https://t.co/1usHFpiNUZ
Mon Feb 12 21:06:50 +0000 2018,963157472512012288,875862780448038912,Jeanette,@PT_tellmewhy @krassenstein @BarackObama @EdKrassen I love himüòç
Mon Feb 12 21:06:50 +0000 2018,963157472599990272,899823425799176192,talking7stick,"RT @Smith13Nat: @President1Trump @rmack2x @POTUS @HillaryClinton Had nothing to do with her as a woman it had to do with her corruption, Be‚Ä¶"
 , , , , 
Mon Feb 12 21:06:51 +0000 2018,963157475284389888,201421969,Joseph Brunetti,@FoxNews @BarackObama @MichelleObama Put that portrait next to Karl Marx. Socialist Marxist Asswipes
Mon Feb 12 21:06:52 +0000 2018,963157480770621440,954348614049918977,Lori Lynn,"@SsGoldfish @JBurtonXP @BarackObama @MichelleObama I don‚Äôt really care, I‚Äôm just so tired of being call a racist ev‚Ä¶ https://t.co/DvtwGCHtgX"
Mon Feb 12 21:06:52 +0000 2018,963157481915428865,16444544,Debi129üá∫üá∏RESISTüåäüêù,"RT @EileenDonahoe: Check out Launch of Global Digital Policy Incubator Conference Report on Digital Technology &amp; Democracy, with @IlvesToom‚Ä¶"
Mon Feb 12 21:06:53 +0000 2018,963157484176400386,2176380731,Wisdom K. Owusu,"RT @ValerieJarrett: ‚ÄúWe miss you guys‚Äù, @BarackObama.  ‚ÄúWe miss you more‚Äù, the audience. https://t.co/3q11gCWNWD"
Mon Feb 12 21:06:53 +0000 2018,963157485296091136,35575575,GrammyGoodwitch,@HillaryClinton Won‚Äôt see me reading it or any of her books!
Mon Feb 12 21:06:53 +0000 2018,963157485279416321,386932252,La Negra,RT @KamalaHarris: These official portraits of @BarackObama and @MichelleObama are stunning. Congratulations to @kehindewiley on becoming th‚Ä¶
Mon Feb 12 21:06:54 +0000 2018,963157487879966726,15226164,Resist,"RT @peterdaou: I disagreed with some of Obama's policies (primarily on drones + civil liberties), but there is no question that @MichelleOb‚Ä¶"
 , , , , 
Mon Feb 12 21:06:54 +0000 2018,963157488831901696,899823425799176192,talking7stick,RT @Eric_reality: @President1Trump @POTUS @HillaryClinton THESE LIBS WILL NOT LEAVE UNTIL THERE COFFINS COME DIRECTLY TO THERE DESKS IN D.C.
Mon Feb 12 21:06:54 +0000 2018,963157489939337216,43834885,Just A Navy Wifeü¶Ä‚öìÔ∏è,"RT @esaagar: .@BarackObama got one, so why not? https://t.co/lkgCl5gser"
Mon Feb 12 21:06:57 +0000 2018,963157499573624833,2447290136,MAGAüá∫üá∏DJT‚≠êÔ∏è‚úàÔ∏è2018üó≥,"RT @bfraser747: ‚ÄúLet's break this down 
@HillaryClinton @DNC paid Christoper Steele $12.5M to work with Russia against @realDonaldTrump Now‚Ä¶"
Mon Feb 12 21:06:58 +0000 2018,963157505177276417,846458342,Hellbent Feminist She-Devil Cherylüçåüçåüçåüçå,"RT @Fly_Sistah: @politico @POLITICOMag @HillaryClinton was First Lady of Arkansas, First Lady of USA, Senator, Secretary of State, lawyer,‚Ä¶"
Mon Feb 12 21:06:58 +0000 2018,963157505189859330,28792947,Ken Perlstein,@annamayzing1 @DemSoc100 @MarvinKey74 @NCBerniecrat @teachers4bernie @monsoon2112 @socialist_angel @joshfoxfilm‚Ä¶ https://t.co/sMBdwd4L7V
Mon Feb 12 21:06:59 +0000 2018,963157509153411072,1617071203,sprague cleghorn,"RT @jacobinmag: ""I am proud to say that Henry Kissinger is not my friend.""

Two years ago today @BernieSanders attacked the legacy of Henry‚Ä¶"
Mon Feb 12 21:07:00 +0000 2018,963157512550744064,883066790812712960,Laurelt1,"RT @beefynobeef: @GaliforniaSocal @HillaryClinton If anyone pleads the 5th, just exit the plane and book another flight."
Mon Feb 12 21:07:01 +0000 2018,963157518976540672,18553881,narnie4,RT @GregTosto: Yeah sure @RepMaxineWaters you've been attaching our @POTUS since he was elected. @PressGop lets win this RACE. #crookedhill‚Ä¶
Mon Feb 12 21:07:02 +0000 2018,963157519924383746,65813421,Catherine Kennedy,"Extraordinarily beautiful portraits of two extraordinary people. Wow, just Wow. https://t.co/JN3vCQCGOp"
Mon Feb 12 21:07:02 +0000 2018,963157522994683905,910942569189781506,Monaüëërqu√≠aüîä,"RT @KassandraSeven: Dedicated to @BarackObama: 

#Monday #Resist #Music: 

One Man Can Change The World, a #song by Big Sean and John Legen‚Ä¶"
Mon Feb 12 21:07:04 +0000 2018,963157529609072641,1732089247,üá∫üá∏COLTüá∫üá∏,"RT @DrSchmalz: üö®@realDonaldTrump #Vindicated once again!üö®
For years #MSM mocked DJT for questioning whether @BarackObama was a citizen of U‚Ä¶"
Mon Feb 12 21:07:05 +0000 2018,963157534415695877,863531469171560452,CrashGordon,"RT @Matthewcogdeill: #BreakingNews WHY is John McCain Meeting with Head of ISIS Terrorists... #LoganACT Violation?
üí≠Reply your Thoughtsüí≠

2‚Ä¶"
Mon Feb 12 21:07:05 +0000 2018,963157534553944064,176727203,Shelley Valett,RT @KamalaHarris: These official portraits of @BarackObama and @MichelleObama are stunning. Congratulations to @kehindewiley on becoming th‚Ä¶
Mon Feb 12 21:07:05 +0000 2018,963157536554692608,2808542293,Dianne W,"RT @Patrickesque: What Happened by @HillaryClinton was named a best book of the year by:
‚úîÔ∏è The New York Times
‚úîÔ∏è The Washington Post
‚úîÔ∏è NP‚Ä¶"
Mon Feb 12 21:07:07 +0000 2018,963157541697015809,617105201,CHRISTOPHER BLV-KIKK,RT @ObamaFoundation: Watch Live: @BarackObama and @MichelleObama's portraits will be unveiled at the Smithsonian‚Äôs @NPG today at 10am ET: h‚Ä¶
Mon Feb 12 21:07:07 +0000 2018,963157542829543424,250132688,Clem Crampington,@NickJaynes @BarackObama @lyft Now that is a great idea.  Picking up drunk twenty somethings on a Saturday night fr‚Ä¶ https://t.co/AK0jD3HZuS
Mon Feb 12 21:07:08 +0000 2018,963157546793086976,83894931,Bobcat,@KamalaHarris @BarackObama @MichelleObama @kehindewiley Haha you need glasses missy
Mon Feb 12 21:07:09 +0000 2018,963157552283488256,3219680120,Mary Frank,RT @metaquest: President @BarackObama and First Lady @MichelleObama taking in the moment at the unveiling of their official National Galler‚Ä¶
Mon Feb 12 21:07:10 +0000 2018,963157555508908034,883066790812712960,Laurelt1,RT @Mrsrosales10: @beefynobeef @antischool_ftw @HillaryClinton  https://t.co/N2pterWgj0
Mon Feb 12 21:07:10 +0000 2018,963157556234457088,617105201,CHRISTOPHER BLV-KIKK,RT @ObamaFoundation: Watch Live: @BarackObama and @MichelleObama's portraits will be unveiled at the Smithsonian‚Äôs @NPG today at 10am ET: h‚Ä¶
Mon Feb 12 21:07:10 +0000 2018,963157557157224449,54246318,Kristina Revillas,RT @Saintsfan5348: I'm watching the Obamas At the National Portrait Gallery. I love the new portraits. I miss @BarackObama so much. And yes‚Ä¶
Mon Feb 12 21:07:11 +0000 2018,963157559640297473,16209626,I'mSTILLWithHer,"RT @ValerieJarrett: ‚ÄúWe miss you guys‚Äù, @BarackObama.  ‚ÄúWe miss you more‚Äù, the audience. https://t.co/3q11gCWNWD"
Mon Feb 12 21:07:12 +0000 2018,963157563217981440,61635389,Jack Sienkiewicz,@justanavywife @BarackObama @POTUS those portraits were a disgrace to the American people - I sure as hell hope our‚Ä¶ https://t.co/5NXPnTf5DM
Mon Feb 12 21:07:12 +0000 2018,963157565663199232,1104728851,Yuggy,@TARD1S__Copilot @T_S_P_O_O_K_Y @BarackObama @MZHemingway Mollie is the greatest. You can tell when a Dem gets frus‚Ä¶ https://t.co/h3OLtKmD7v
Mon Feb 12 21:07:13 +0000 2018,963157568339234816,1491797982,Madeline Peck,im so lucky bc we have a piece of art made by amy sherald (the one who painted michelle) here at mass art on displa‚Ä¶ https://t.co/BPz7xEUXTC
Mon Feb 12 21:07:14 +0000 2018,963157574106402824,931662151701237760,Susan Holt,@BarackObama #peaceandlove
Mon Feb 12 21:07:14 +0000 2018,963157574202920965,771834104866279425,Chester_Forever,@KandissM1 @Bstn_trumpstah @TheRealJuIian @realDonaldTrump @foxandfriends @TheDemocrats @HillaryClinton @DWStweets‚Ä¶ https://t.co/NzcvCm7IlG
Mon Feb 12 21:07:15 +0000 2018,963157575926558720,430138474,Jeremy Rodriguez,Miss you @BarackObama
Mon Feb 12 21:07:15 +0000 2018,963157577004658689,869059579186991105,fmw,@JBOMBI1 @TheLinuxDude_ @thehill @BarackObama Do you really support #prejudicetrump?
Mon Feb 12 21:07:15 +0000 2018,963157577973620747,14769495,Kathryn [clever thing goes here] Brightbill ‚úí,RT @andyharnik: Former President @BarackObama looks at the official portrait of former first lady @MichelleObama at the Smithsonian's Natio‚Ä¶
Mon Feb 12 21:07:17 +0000 2018,963157582906118147,2453025128,Gloria Minott,RT @NPG: A historic day‚Äîwe are honored to have such amazing works of President @BarackObama and Mrs. @MichelleObama in our collection. Reli‚Ä¶
Mon Feb 12 21:07:17 +0000 2018,963157584164376576,811204357,AnDr√© McKinstry,President @BarackObama and First Lady @MichelleObama:  SMITHSONIAN Worthy! How about THIS for Black History?‚Ä¶ https://t.co/faNw97ePVQ
Mon Feb 12 21:07:18 +0000 2018,963157590464172033,620531704,Brian Smith,"@peterdaou @MichelleObama @BarackObama Yes they paved the way for excellent race relations, group think identity po‚Ä¶ https://t.co/HGzqGtc8bL"
Mon Feb 12 21:07:18 +0000 2018,963157590510206976,254434148,UnstableShitholePresident,@Susan24119419 @girlsreallyrule @BarackObama Who said anything about wishing them dead or that they were doing coca‚Ä¶ https://t.co/shfuCtbzRG
Mon Feb 12 21:07:18 +0000 2018,963157590837465088,359430384,C. Shawn Eib,@RidgeKayser @KeepRightX @ChrisJZullo @BarackObama Why would I need to spin the official NASA budget numbers?‚Ä¶ https://t.co/6rItGKmcgk
Mon Feb 12 21:07:19 +0000 2018,963157591290347520,357232722,#Lock Them All Up,RT @KamalaHarris: These official portraits of @BarackObama and @MichelleObama are stunning. Congratulations to @kehindewiley on becoming th‚Ä¶
Mon Feb 12 21:07:19 +0000 2018,963157593249198080,308258184,‚Ñ¢ Packa,RT @andyharnik: Former President @BarackObama looks at the official portrait of former first lady @MichelleObama at the Smithsonian's Natio‚Ä¶
Mon Feb 12 21:07:20 +0000 2018,963157596088782848,931753279008247809,George Warren Hickey Jr.,@KatyTurNBC @SenatorMenendez @MSNBC @CNN @AriMelber @JoyAnnReid @CoryBooker @KamalaHarris @FBI @chrislhayes @maddow‚Ä¶ https://t.co/P3J9cBzVgX
Mon Feb 12 21:07:20 +0000 2018,963157597195993089,487688840,Brock Jackson (I),@2040NYC @socal_american @FoxNews @BarackObama @MichelleObama 33% to 24%? Check the tax rates.
Mon Feb 12 21:07:21 +0000 2018,963157599729455104,961950107196211200,Sanyam Sharma,"@HillaryClinton Join free GIFTO rotary to claim $1000 worth of Gifto:https://t.co/uPs8VdPoSy
Remember my invite cod‚Ä¶ https://t.co/7r57BlHIMs"
Mon Feb 12 21:07:21 +0000 2018,963157600652201985,1934964421,Lois Newton,"@merlinidlehands @HillaryWarnedUs @HillaryClinton @JoannaWeiss Funny, it seems Bernie's been the one stealing from Hillary post-election."
Mon Feb 12 21:07:21 +0000 2018,963157602120228866,18930728,‚ùÑÔ∏èmamaoftwinsRN‚ùÑÔ∏è,RT @TeaPainUSA: President Obama was everything @realDonaldTrump will never be.  Honorable. Dignified. Compassionate.  A level headed leader‚Ä¶
Mon Feb 12 21:07:21 +0000 2018,963157603466600448,864888067102035973,Mary Lucas,RT @FDRLST: A former State Department official confirmed on the record that @HillaryClinton associates were funneling info to Christopher S‚Ä¶
Mon Feb 12 21:07:23 +0000 2018,963157609191747585,885639674789810176,@janedoeüëåüèªüê∏üë†,RT @Michael32112332: @DrSchmalz @BarackObama @smithsonian @POTUS THESE PORTRAITS SHOULD BE TAKEN DOWN. MOST RACIST PRES. EVER. CONFED. STAT‚Ä¶
Mon Feb 12 21:07:23 +0000 2018,963157610529669120,45916967,Robert Odulio,RT @TheRealJuIian: @realDonaldTrump @CPAC @realDonaldTrump Did in one year what @BarackObama couldn‚Äôt do in eight years. Destroy #ISIS
Mon Feb 12 21:07:24 +0000 2018,963157613537103872,815629359964950528,Vic Dorais,@HillaryClinton TICK TOCK TICK TOCK  https://t.co/8GuSLXT1c7
Mon Feb 12 21:07:24 +0000 2018,963157615772610560,226355832,bigdogsbg,A true man. https://t.co/o1yzXo2DrE
Mon Feb 12 21:07:25 +0000 2018,963157618331148289,827094569594544130,Spencwr,"RT @DanOHerrin: One of my favorite *Throwback Tweets*...look at the date: took guts to publicly stand up to Crooked back then, but I‚Äôll nev‚Ä¶"
Mon Feb 12 21:07:26 +0000 2018,963157622353547264,39118722,Jonathan Ferguson,"@barackobama is a vile, Marxist, genocidal, anti-White racist. Imagine if @potus hired an artist who paints picture‚Ä¶ https://t.co/Nb2kdmofWs"
Mon Feb 12 21:07:26 +0000 2018,963157622487769088,90888044,TEXASian Red Neck,"Bloated and exaggerated? A black Marie Antoinette?
Then...yes, I agree. https://t.co/0V5atL3TUQ"
Mon Feb 12 21:07:26 +0000 2018,963157623930605569,204297356,Ray,Michelle?? This looks nothing like her https://t.co/clajkg4dSc
Mon Feb 12 21:07:28 +0000 2018,963157632822497281,4332058576,Teachers‚ô°Bernie,RT @DemSoc100: @DumondKd @socialist_angel @MarvinKey74 @NCBerniecrat @BentleytheDog @yusuf_VI @monsoon2112 @WhovTweets @teachers4bernie @jo‚Ä¶
Mon Feb 12 21:07:28 +0000 2018,963157632721784833,806903521245274116,Janet Shirah,@SiddonsDan @GartrellLinda @realDonaldTrump @BarackObama You're right not even constitutional this is just somethin‚Ä¶ https://t.co/IEvNENk4gG
Mon Feb 12 21:07:28 +0000 2018,963157632696668160,1549202370,Proud Deplorable aka Crumbsnatcher,"@FiveRights I can appreciate the talent and works of the two artists, the two subjects, not so much. Also got a fee‚Ä¶ https://t.co/mrj3WwMY02"
Mon Feb 12 21:07:29 +0000 2018,963157634126876672,853086344737902594,Peggy Aldridge,"RT @THEBenWilhelm: Suddenly Ted is concerned with how classified information is handled.

So @tedlieu I guess you would support indictments‚Ä¶"
Mon Feb 12 21:07:29 +0000 2018,963157634915360768,899823425799176192,talking7stick,RT @4horsemenapoca: @President1Trump @POTUS @HillaryClinton Who uses the term ‚Äúmacho‚Äù? https://t.co/xP6ub6XnO7
Mon Feb 12 21:07:29 +0000 2018,963157635607531521,487100994,GMMc/,Ugly as F ... not surprised and love the Artists other Work - you Racist POS https://t.co/1N3h7Z6Sy9
Mon Feb 12 21:07:29 +0000 2018,963157635578015744,831651493329580032,Marty,@BarackObama @MichelleObama @DNC @DNCE @dncpress @DNCWomen @GOP @GOPLeader @WhiteHouse @POTUS @PressSec‚Ä¶ https://t.co/dDiJ4oMlv3
Mon Feb 12 21:07:30 +0000 2018,963157640632139776,952349442950119424,Chapman News Network,@TheDemocrats @SenateDems @HouseDemocrats @LdeRothschild @georgesoros @HillaryClinton @BarackObama Which one of you‚Ä¶ https://t.co/CR9edKfcUP
Mon Feb 12 21:07:30 +0000 2018,963157641366265856,1928290020,üåäSher' Wilson üåä,"@MoralsCount @realDonaldTrump @EYEONLIES @BarackObama Now you don't get to keep DIDDLY under Trump.. Mr. ""I won't t‚Ä¶ https://t.co/t7MqdLHHXg"
Mon Feb 12 21:07:31 +0000 2018,963157645225013248,2200119236,Cosmos Productions,@ggibson1957 @BarackObama Just Putin bot putting in nothingness.
Mon Feb 12 21:07:33 +0000 2018,963157651902394369,16936686,Patrick Henningsen,@MarkSleboda1 –ù–∞ –∑–¥–æ—Ä–æ–≤—å–µ! @BarackObama üòé
Mon Feb 12 21:07:33 +0000 2018,963157653424713728,725064846056640512,Agent Renee üá∫üá∏,"RT @SiddonsDan: NO DACA

‚ñ™Ô∏èDon‚Äôt Blame President @realDonaldTrump 
‚ñ™Ô∏èDon‚Äôt Blame The Kids
‚ñ™Ô∏èDon‚Äôt Blame This Parents
‚ñ™Ô∏èBLAME PRESIDENT @Bar‚Ä¶"
Mon Feb 12 21:07:33 +0000 2018,963157653441732615,769302909511163904,@up_viking,"RT @Zimrico: When there is no equality before the law, there is no law. Only a descent into chaos. When enough people believe there is no e‚Ä¶"
Mon Feb 12 21:07:33 +0000 2018,963157654041448453,961950107196211200,Sanyam Sharma,"@HillaryClinton Join free GIFTO rotary to claim $1000 worth of Gifto:https://t.co/uPs8VdPoSy
Remember my invite cod‚Ä¶ https://t.co/VWMCXGwUNr"
Mon Feb 12 21:07:34 +0000 2018,963157655102599174,807019942117638145,William Pollock,"@bfraser747 That‚Äôs called cover up for the witch,but if Martha Stewart can go to jail so can @HillaryClinton Martha‚Ä¶ https://t.co/rs9SAOdy5K"
Mon Feb 12 21:07:34 +0000 2018,963157656943906818,1928290020,üåäSher' Wilson üåä,"RT @MoralsCount: @cherokeesher2 @realDonaldTrump @EYEONLIES He loves talking about President @BarackObama ""If you like your doctor"" stateme‚Ä¶"
Mon Feb 12 21:07:34 +0000 2018,963157658114048000,899823425799176192,talking7stick,RT @MannoiaChris: @President1Trump @POTUS @HillaryClinton Why is a Supreme Court Justice our thete being so political?
Mon Feb 12 21:07:35 +0000 2018,963157660123066368,115261458,Abby,RT @InstantRHIplay: President @BarackObama's official presidential portrait has now been unveiled. Kehinde Wiley produced the 44th presiden‚Ä¶
Mon Feb 12 21:07:35 +0000 2018,963157661595336705,316130208,Joe Smith SDK,@DemSoc100 @MarvinKey74 @annamayzing1 @NCBerniecrat @teachers4bernie @KPfor3 @monsoon2112 @socialist_angel‚Ä¶ https://t.co/fboeAd9mzM
Mon Feb 12 21:07:35 +0000 2018,963157662132310016,345858289,Michael Lee,"RT @justanavywife: While I can NOT stand the presidency, policies, and administration of @BarackObama #IranNukeDeal #LockThemAllUp; AND He‚Ä¶"
Mon Feb 12 21:07:36 +0000 2018,963157662677561345,825436510442897408,vjphoto,"RT @parvezahmed: @mkraju So @ChuckGrassley and @LindseyGrahamSC are upset that @BarackObama wanted to do things ""by the book"" but are happy‚Ä¶"
Mon Feb 12 21:07:36 +0000 2018,963157664065781760,753600008100859906,Levi Washburn,"@BarackObama save us from this man, s mooned got to put tweet him and restore a balance. https://t.co/vLUuQ8oDjm"
Mon Feb 12 21:07:36 +0000 2018,963157665001041920,14993091,Degataga(Standing Together),@justanavywife @RealMAGASteve @JoeBeiden @BarackObama @POTUS  https://t.co/WQWI1IiZag
Mon Feb 12 21:07:36 +0000 2018,963157665919750145,1874025990,Debbie Jenkins,RT @andyharnik: Former President @BarackObama looks at the official portrait of former first lady @MichelleObama at the Smithsonian's Natio‚Ä¶
Mon Feb 12 21:07:37 +0000 2018,963157669392605184,23128404,P@MELA C.,@odetteroulette @Susan24119419 @girlsreallyrule @BarackObama Ditto.
Mon Feb 12 21:07:38 +0000 2018,963157671024254976,838798224622235648,Wwwillstand,RT @Proud_Masshole: @DrSchmalz @wwwillstand @BarackObama @smithsonian @POTUS When did The United States of America start honoring Kenyan te‚Ä¶
Mon Feb 12 21:07:38 +0000 2018,963157673356283904,769302909511163904,@up_viking,"RT @FoxNews: .@MZHemingway: ""We know that [@HillaryClinton] broke the law. We know she obstructed justice. And she got away with it."" #Medi‚Ä¶"
Mon Feb 12 21:07:38 +0000 2018,963157674551595010,40911235,Kevin Kenny üå±,"RT @KristenBlush: You guys I just started a Kickstarter campaign! The Revolution is Female is a large format, hardcover photography book ce‚Ä¶"
 , , , , 
Mon Feb 12 21:07:39 +0000 2018,963157675402936320,472422039,Carl Jones,The @BarackObama  shit https://t.co/rsKz6mujHU
Mon Feb 12 21:07:39 +0000 2018,963157677982519297,824403341493104640,Prairy,"@FoxNews @BarackObama @MichelleObama All that white, ugh. The portrait is perfect. What an amazing artistic express‚Ä¶ https://t.co/vRwfTWgWLo"
Mon Feb 12 21:07:40 +0000 2018,963157680289386496,841279368143994880,Claudia A. MZ,Good Afternoon President CHAMPIONS @barackobama @smithsonian‚Ä¶ https://t.co/T0Er9GFrcq
Mon Feb 12 21:07:40 +0000 2018,963157681044316160,3238422691,„ÄåYara„Äç,RT @cspan: .@BarackObama's portrait at the National Portrait Gallery https://t.co/gciv4D5C2k
Mon Feb 12 21:07:40 +0000 2018,963157682571096069,26210888,Tom Matthews,"RT @JamesHartline: @PrisonPlanet Hey, @BarackObama were you feeling your inner ""Jeremiah Wright"" when you chose racist #KehindeWiley to pai‚Ä¶"
Mon Feb 12 21:07:40 +0000 2018,963157683309240320,62938797,Denise Mandeville,@CarpeDiemWine @deb2mira @saranotsarahh @KristenBlush @HillaryClinton The first question you should ask of any poli‚Ä¶ https://t.co/p9yJQgNvPb
Mon Feb 12 21:07:40 +0000 2018,963157683313479681,929040338546806785,.,RT @smithsonian: Presenting the #ObamaPortraits: President @BarackObama‚Äôs portrait by @kehindewileyart and Mrs. @MichelleObama‚Äôs portrait b‚Ä¶
Mon Feb 12 21:07:41 +0000 2018,963157685150666755,233623703,Dolly Cruz,"RT @AndrewHarts: Shoot, I just took another look at @BarackObama's official portrait. Didn't even notice the @Cubs Andre Dawson poking out‚Ä¶"
Mon Feb 12 21:07:41 +0000 2018,963157686551379969,71077281,Balanced Dogs,"RT @bizshrink: Dear @HillaryClinton - You‚Äôve inspired so many women to run. 

Thank you.

We‚Äôre donating proceeds frm sale of these histori‚Ä¶"
Mon Feb 12 21:07:41 +0000 2018,963157686870331393,1889987330,xena rose,HIS MIDDLE NAME! https://t.co/jUrWcWGzQu
Mon Feb 12 21:07:41 +0000 2018,963157687251980291,597326470,Sarah Hemat,RT @InstantRHIplay: President @BarackObama's official presidential portrait has now been unveiled. Kehinde Wiley produced the 44th presiden‚Ä¶
Mon Feb 12 21:07:42 +0000 2018,963157690452148224,3001581287,Lrc,@Mountainaires @FoxNews @BarackObama Such a showing of your ignorance and bigotry.
Mon Feb 12 21:07:43 +0000 2018,963157694533263361,791622056261681152,Deplorable Dreamer üíé,@DrSchmalz @wwwillstand @BarackObama @smithsonian @POTUS How about this one? https://t.co/FrET8IjkiY
Mon Feb 12 21:07:43 +0000 2018,963157695086776320,796209915572293632,Old School,"RT @SiddonsDan: NO DACA

‚ñ™Ô∏èDon‚Äôt Blame President @realDonaldTrump 
‚ñ™Ô∏èDon‚Äôt Blame The Kids
‚ñ™Ô∏èDon‚Äôt Blame This Parents
‚ñ™Ô∏èBLAME PRESIDENT @Bar‚Ä¶"
Mon Feb 12 21:07:44 +0000 2018,963157698664529921,2415045667,Pam Neufeld,@Matthewcogdeill @SenJohnMcCain @BarackObama @Education4Libs @MarkDice @DRUDGE_REPORT @ScottPresler @PrisonPlanet‚Ä¶ https://t.co/Xad06Ulkvh
Mon Feb 12 21:07:46 +0000 2018,963157706067644422,961950107196211200,Sanyam Sharma,"@HillaryClinton Join free GIFTO rotary to claim $1000 worth of Gifto:https://t.co/uPs8VdPoSy
Remember my invite cod‚Ä¶ https://t.co/ReM0fDSR8P"
Mon Feb 12 21:07:46 +0000 2018,963157707183284230,300606801,Graham,RT @KamalaHarris: These official portraits of @BarackObama and @MichelleObama are stunning. Congratulations to @kehindewiley on becoming th‚Ä¶
Mon Feb 12 21:07:47 +0000 2018,963157710337400832,782146468228558848,Nyx,RT @smithsonian: President @BarackObama on @kehindewileyart: ‚ÄúWhat I was always struck by when I saw his portraits was the degree to which‚Ä¶
Mon Feb 12 21:07:49 +0000 2018,963157717039894529,800516657588248577,sangro√±,"@sweetymoon @HillaryClinton If you think it's hysteria, then you are not paying attention.  The very fact that you‚Ä¶ https://t.co/SbAw0ba8MF"
Mon Feb 12 21:07:49 +0000 2018,963157718046449664,852365757937721344,Riley B,RT @davidaxelrod: Just left the wonderful unveiling of the portraits of @BarackObama and @MichelleObama at the National Portrait Gallery.‚Ä¶
Mon Feb 12 21:07:49 +0000 2018,963157720538009601,4836283832,Amore Q,@ComeyMaybe @DiogenesLamp0 @Raypatrick7734 @evan_manifesto @RedPilledinNY @Pr0litical @burkanuck @LisaTomain‚Ä¶ https://t.co/e4KONOw1vk
Mon Feb 12 21:07:50 +0000 2018,963157721540276224,938500796429111296,Lisa,@enki74 @BarackObama @realDonaldTrump #thiswhitewomanoffended
Mon Feb 12 21:07:53 +0000 2018,963157737810018304,798965688614301696,Here's My Nunes,@amoreimarketing @DiogenesLamp0 @Raypatrick7734 @evan_manifesto @RedPilledinNY @Pr0litical @burkanuck @LisaTomain‚Ä¶ https://t.co/gLjPXsK09U
Mon Feb 12 21:07:54 +0000 2018,963157738086912000,368135375,Octavia,RT @InstantRHIplay: President @BarackObama's official presidential portrait has now been unveiled. Kehinde Wiley produced the 44th presiden‚Ä¶
Mon Feb 12 21:07:56 +0000 2018,963157746794319872,948569366991290370,James Ochuodho,RT @andyharnik: Former President @BarackObama looks at the official portrait of former first lady @MichelleObama at the Smithsonian's Natio‚Ä¶
Mon Feb 12 21:07:57 +0000 2018,963157752137822209,65479093,lex,RT @InstantRHIplay: President @BarackObama's official presidential portrait has now been unveiled. Kehinde Wiley produced the 44th presiden‚Ä¶
Mon Feb 12 21:07:57 +0000 2018,963157752590864384,1017813775,The Incredible,"RT @giabean: @Yo_TheOrangedog @InstantRHIplay @BarackObama Chrysanthemums - official flower of Chicago, where his political beginnings are‚Ä¶"
Mon Feb 12 21:07:57 +0000 2018,963157753513553921,1154375990,Dave Pierre,RT @ObamaFoundation: Watch Live: @BarackObama and @MichelleObama's portraits will be unveiled at the Smithsonian‚Äôs @NPG today at 10am ET: h‚Ä¶
Mon Feb 12 21:07:59 +0000 2018,963157759507271680,776266149587595264,Marvin Key,@DemSoc100 @annamayzing1 @NCBerniecrat @teachers4bernie @KPfor3 @monsoon2112 @socialist_angel @joshfoxfilm‚Ä¶ https://t.co/Gq49VBhk0h
Mon Feb 12 21:07:59 +0000 2018,963157762287992834,1686520236,Sara WüíÄ,**faints** https://t.co/PwOWnjKTB6
Mon Feb 12 21:07:59 +0000 2018,963157762443218945,90888044,TEXASian Red Neck,He looks like he's...sitting on a toilet and she looks like a black Marie Antoinette...if that's what she was striv‚Ä¶ https://t.co/Ya2Rfz0753
Mon Feb 12 21:07:59 +0000 2018,963157759758884864,875055940709392384,w luke,"@FoxNews @BarackObama @MichelleObama They forgot the bars. who painted those, Hellen Kellar? I guess Hussain decide‚Ä¶ https://t.co/PJcuKjc7rH"
Mon Feb 12 21:08:00 +0000 2018,963157763252740101,938673284182405122,E,RT @enki74: #VisibleWomen @HannahTempler https://t.co/iCiPBW7IQY
Mon Feb 12 21:08:00 +0000 2018,963157763533803523,2957313711,mimidbdb8,"RT @SiddonsDan: NO DACA

‚ñ™Ô∏èDon‚Äôt Blame President @realDonaldTrump 
‚ñ™Ô∏èDon‚Äôt Blame The Kids
‚ñ™Ô∏èDon‚Äôt Blame This Parents
‚ñ™Ô∏èBLAME PRESIDENT @Bar‚Ä¶"
Mon Feb 12 21:08:00 +0000 2018,963157766230683648,20416773,Dean Emmett,@cgrface @The2ndA @BarackObama Take a picture of you watching the Cubbies with cardboard cutout Beer Summit Buddie Barack.
Mon Feb 12 21:08:00 +0000 2018,963157766327160832,167550475,One üíö One üåé,"RT @realvicentefox: I don't recall President @BarackObama
ever endorsing Child Molesters and supporting Wife Beaters. 
Just say'in. 

https‚Ä¶"
Mon Feb 12 21:08:00 +0000 2018,963157766473961472,3239776277,NC Berniecrat,RT @annamayzing1: @DemSoc100 @MarvinKey74 @NCBerniecrat @teachers4bernie @KPfor3 @monsoon2112 @socialist_angel @joshfoxfilm @BernieSanders‚Ä¶
Mon Feb 12 21:08:00 +0000 2018,963157766734008325,1077970982,MICHELLE üåé,"RT @labuda_robert: @AdamSchiffCA 

Don‚Äôt allow the pundits in the liberal media to fool you Schiff; we‚Äôre onto you. 

You are actively obst‚Ä¶"
Mon Feb 12 21:08:03 +0000 2018,963157779169951744,707432781492699137,Sheila Decker,"RT @frodofied: Diane, Susan, &amp; Melinda do not face questions today about whether it is appropriate for women to engage the law, or even if‚Ä¶"
Mon Feb 12 21:08:03 +0000 2018,963157779090427905,26070983,D. Light O'Scrutiny,"RT @PositivelyJoan: RT@jacobinmag
""I am proud to say that Henry Kissinger is not my friend.""  Two years ago today @BernieSanders attacked t‚Ä¶"
Mon Feb 12 21:08:04 +0000 2018,963157781803974656,36459875,C B,RT @andyharnik: Former President @BarackObama looks at the official portrait of former first lady @MichelleObama at the Smithsonian's Natio‚Ä¶
 , , , , 
Mon Feb 12 21:08:05 +0000 2018,963157784731815937,3239776277,NC Berniecrat,RT @JoeSmithSDK: @DemSoc100 @MarvinKey74 @annamayzing1 @NCBerniecrat @teachers4bernie @KPfor3 @monsoon2112 @socialist_angel @joshfoxfilm @B‚Ä¶
Mon Feb 12 21:08:05 +0000 2018,963157787734953984,816394025242685440,Tim Gibson,RT @TheRealJuIian: @realDonaldTrump @CPAC @realDonaldTrump Did in one year what @BarackObama couldn‚Äôt do in eight years. Destroy #ISIS
Mon Feb 12 21:08:06 +0000 2018,963157790247280640,233623703,Dolly Cruz,@AndrewHarts @BarackObama @Cubs üòÇüòÇüòÇ my thoughts exactly
Mon Feb 12 21:08:06 +0000 2018,963157790633144321,894654838692352001,Linda Putnam,@badfaketan @shane11BRAVO @FoxNews @BarackObama Yes it‚Äôs always been a war against good and evil
Mon Feb 12 21:08:06 +0000 2018,963157792466132994,2243881949,rmac,@sunny @BarackObama It is truly amazing!!
Mon Feb 12 21:08:07 +0000 2018,963157795469176832,285365043,Blue Forever,RT @SueinRockville: Bravo to @kehindewileyffor these beautiful portraits of @BarackObama @MichelleObama that will hang forever at the @NPG‚Ä¶
Mon Feb 12 21:08:08 +0000 2018,963157799109832705,2443083780,NewOrleanIan,RT @CharlesOrtel: I think a special counsel should investigate far more than mishandling of classified information by @HillaryClinton @Huma‚Ä¶
Mon Feb 12 21:08:08 +0000 2018,963157800691097610,3433225583,Clark Boutwell,"@FoxNews @BarackObama @MichelleObama hope they kept the receipt.
Two dimensional and hurts the eyes.
I don;t care f‚Ä¶ https://t.co/WvIsSYBEt1"
Mon Feb 12 21:08:08 +0000 2018,963157800808534017,23597215,Issybelle,"RT @Fly_Sistah: @politico @POLITICOMag @HillaryClinton was First Lady of Arkansas, First Lady of USA, Senator, Secretary of State, lawyer,‚Ä¶"
Mon Feb 12 21:08:09 +0000 2018,963157802238791681,828350125734916096,Nick Greathart,"RT @LarsLarsonShow: If you don't like the new ""Ivy League"" portrait of @BarackObama I've always felt this one is the most representative. h‚Ä¶"
 , , , , 
Mon Feb 12 21:08:11 +0000 2018,963157810581184512,58534245,Mesa,RT @smithsonian: Presenting the #ObamaPortraits: President @BarackObama‚Äôs portrait by @kehindewileyart and Mrs. @MichelleObama‚Äôs portrait b‚Ä¶
Mon Feb 12 21:08:12 +0000 2018,963157813752156160,20455872,MeMe Best,RT @Imperator_Rex3: Ruh-roh @BarackObama üëá https://t.co/dNvWW6j9Ob
Mon Feb 12 21:08:12 +0000 2018,963157816734371840,996626748,K Lowgren,@DavidBegnaud What happened to the HARASSER needing mandatory counseling? VERY SCREWY @AGSchneiderman @BarackObama‚Ä¶ https://t.co/a5AWM3T6GH
Mon Feb 12 21:08:14 +0000 2018,963157825131233280,500154514,Harold W Nelson,"RT @mcspocky: The official portraits of Barack and Michelle Obama, unveiled https://t.co/dev2iYIfDY
@BarackObama @MichelleObama 
#AmericaMi‚Ä¶"
Mon Feb 12 21:08:15 +0000 2018,963157828050485249,825388215356026880,Pamela Stone,"RT @peterdaou: I disagreed with some of Obama's policies (primarily on drones + civil liberties), but there is no question that @MichelleOb‚Ä¶"
Mon Feb 12 21:08:15 +0000 2018,963157828675383296,155517247,jahhad,RT @angela_rye: My President @barackobama and my #FirstLady @michelleobama immortalized on canvas by artists @kehindewileyart and #AmyShera‚Ä¶
Mon Feb 12 21:08:16 +0000 2018,963157831083020288,61635389,Jack Sienkiewicz,@Pobre_Vieja @justanavywife @BarackObama @POTUS what do you mean 'their money'? our tax dollars probably paid for those atrocities
Mon Feb 12 21:08:16 +0000 2018,963157833809309696,3001533567,hannah banana,RT @angela_rye: My President @barackobama and my #FirstLady @michelleobama immortalized on canvas by artists @kehindewileyart and #AmyShera‚Ä¶
Mon Feb 12 21:08:17 +0000 2018,963157834857893889,911727746396704770,Dennis H Coy,"RT @vannsmole: I was thinking a more appropriate scene would be a jail cell backdrop.

Obama sitting in a chair looking constipated while w‚Ä¶"
Mon Feb 12 21:08:17 +0000 2018,963157838402002944,175243720,Duchess of Exeterüë†,@smithsonian @BarackObama @kehindewileyart @MichelleObama @NPG Are you serious? ü§£ü§£ü§£ü§£ü§£ü§£ü§£ü§£ü§£ü§£ü§£ü§£
Mon Feb 12 21:08:18 +0000 2018,963157841946251264,2276513094,Two Enthusiastic Thumbs Up,"RT @jacobinmag: ""I am proud to say that Henry Kissinger is not my friend.""

Two years ago today @BernieSanders attacked the legacy of Henry‚Ä¶"
Mon Feb 12 21:08:18 +0000 2018,963157841375772672,28006891,The Corner,Portrait Gallery (@NPG ): A historic day‚Äîwe are honored to have such amazing works of President @BarackObama and Mr‚Ä¶ https://t.co/4XsWGeuYot
Mon Feb 12 21:08:20 +0000 2018,963157847344283648,799675390897713152,NEDRA C,"RT @Conriocht: @IJihadEnough @UberGrump @mitchellvii I saw @BarackObama‚Äôs portrait today and couldn‚Äôt believe it. I find it garish, tacky,‚Ä¶"
Mon Feb 12 21:08:21 +0000 2018,963157852327051264,742033355202428929,Waterboy 981,"RT @larryelder: Only one president ever signed a law to FORCE every citizen to purchase a product whether they want, need or can afford it.‚Ä¶"
Mon Feb 12 21:08:23 +0000 2018,963157861596631046,1077970982,MICHELLE üåé,@labuda_robert @AdamSchiffCA @BarackObama Yep https://t.co/7V7qyw5oPB
Mon Feb 12 21:08:25 +0000 2018,963157871457439745,158085787,Marcella S.,RT @WhatsTrending: .@BarackObama and @MichelleObama's official portraits unveiled. üå∏ https://t.co/09kElXKoEl
Mon Feb 12 21:08:26 +0000 2018,963157872254341120,2404711756,Jane Granath,@HillaryClinton What is there not to love ‚ù§Ô∏è ‚ù§Ô∏è‚ù§Ô∏è
Mon Feb 12 21:08:26 +0000 2018,963157875563606018,4332058576,Teachers‚ô°Bernie,RT @Robbins17Chris: @EasyNetworks @NCBerniecrat @socialist_angel @DumondKd @BentleytheDog @MarvinKey74 @yusuf_VI @DemSoc100 @monsoon2112 @W‚Ä¶
Mon Feb 12 21:08:27 +0000 2018,963157878084288512,726039925,rosen,RT @InstantRHIplay: President @BarackObama's official presidential portrait has now been unveiled. Kehinde Wiley produced the 44th presiden‚Ä¶
Mon Feb 12 21:08:27 +0000 2018,963157878050828288,884880352849874944,PocaLips666,Talk About #FakeNews #FakeNewsMedia Shows Up on #Arkansas #Twitter #ARnews #news #mediawatch #Mediabuzz #Corruption‚Ä¶ https://t.co/zvdLWwNk4p
Mon Feb 12 21:08:28 +0000 2018,963157881943142407,1538916433,ITLElliott,RT @KamalaHarris: These official portraits of @BarackObama and @MichelleObama are stunning. Congratulations to @kehindewiley on becoming th‚Ä¶
Mon Feb 12 21:08:30 +0000 2018,963157893166989312,40991765,Phyllis Kupferstein,"RT @reesetheone1: People gave her hell that it was expensive and made her look put of touch.

Two years ago the media and berners were at a‚Ä¶"
Mon Feb 12 21:08:31 +0000 2018,963157894115086337,923746692771598336,Masterblaster,@HillaryClinton YOU STINK.
Mon Feb 12 21:08:31 +0000 2018,963157894429626369,3162594446,CSS,RT @TrumpIsTheBoss3: @AMike4761 @HillaryClinton should hang!
Mon Feb 12 21:08:31 +0000 2018,963157893976592385,705385295827447809,Jan A. Gordon,@T_S_P_O_O_K_Y @BarackObama Marie Harf should be investigated also!   She may be just as guilty as many others that‚Ä¶ https://t.co/82hQ6j1Qmv
Mon Feb 12 21:08:31 +0000 2018,963157897063620609,28642247,SmithsonianFolklife,RT @smithsonian: Presenting the #ObamaPortraits: President @BarackObama‚Äôs portrait by @kehindewileyart and Mrs. @MichelleObama‚Äôs portrait b‚Ä¶
Mon Feb 12 21:08:31 +0000 2018,963157896799444992,263449116,Emily Haight,‚ú®#AmySherald's portrait of #MichelleObama is everything.‚ú® It makes a perfect pairing with #KehindeWiley's portrait‚Ä¶ https://t.co/pw3funOMCj
Mon Feb 12 21:08:31 +0000 2018,963157897361444864,242653054,Donna üåäüåäüåäüåä,RT @KamalaHarris: These official portraits of @BarackObama and @MichelleObama are stunning. Congratulations to @kehindewiley on becoming th‚Ä¶
Mon Feb 12 21:08:32 +0000 2018,963157899307618310,2178742537,Paula Reid,"RT @MsPackyetti: I AM GASPING FOR AIR. 

LOOK AT OUR PRESIDENT AND FIRST LADY. 

These portraits are incredible. They are  Black Beauty and‚Ä¶"
Mon Feb 12 21:08:32 +0000 2018,963157901530619904,1442844120,Emma Tyler,RT @smithsonian: Presenting the #ObamaPortraits: President @BarackObama‚Äôs portrait by @kehindewileyart and Mrs. @MichelleObama‚Äôs portrait b‚Ä¶
Mon Feb 12 21:08:34 +0000 2018,963157905770995713,4322390847,TxMexLC,"RT @SiddonsDan: NO DACA

‚ñ™Ô∏èDon‚Äôt Blame President @realDonaldTrump 
‚ñ™Ô∏èDon‚Äôt Blame The Kids
‚ñ™Ô∏èDon‚Äôt Blame This Parents
‚ñ™Ô∏èBLAME PRESIDENT @Bar‚Ä¶"
Mon Feb 12 21:08:34 +0000 2018,963157907620610053,20096544,Barry Burmaster,RT @KrisParonto: We also didn‚Äôt use the @FBI @CIA and @NSAGov to spy on @realDonaldTrump either.......isn‚Äôt that what you said to Chris Wal‚Ä¶
Mon Feb 12 21:08:34 +0000 2018,963157907608088576,2992463995,#AmericanFirst,I don't ever want to hear a black person tell me or any white American that @BarackObama wasn't a divider in chief.‚Ä¶ https://t.co/qdujMHnA9z
Mon Feb 12 21:08:34 +0000 2018,963157908463734784,63489388,GuitarHero1965,"RT @larryelder: Only one president ever signed a law to FORCE every citizen to purchase a product whether they want, need or can afford it.‚Ä¶"
Mon Feb 12 21:08:34 +0000 2018,963157909508186116,928794572603510786,Bryan Bartnik üêª,RT @andrewklavan: New painting of @BarackObama with the foliage of history rapidly growing over him until he is completely obscured and for‚Ä¶
Mon Feb 12 21:08:35 +0000 2018,963157910867054592,796872693920440320,Robin,RT @KrisParonto: As Long As I‚Äôm Doing the Right Thing God Will Take Care of Me #Tanto ....... comin‚Äô for you @HillaryClinton and for all of‚Ä¶
Mon Feb 12 21:08:36 +0000 2018,963157914734166016,246093638,Angie L,RT @chargerpilot: @nzo11 @LeahR77 Matches his mom jeans and his Bicycle  helmet @BarackObama
Mon Feb 12 21:08:36 +0000 2018,963157916994846720,929404996356947968,Rhematos Christou,@JoyAnnReid @SHSanders45 @HillaryClinton email scandal is about a billion times more newsworthy STILL
Mon Feb 12 21:08:37 +0000 2018,963157921478643718,891350956658634752,j maples,"RT @SiddonsDan: NO DACA

‚ñ™Ô∏èDon‚Äôt Blame President @realDonaldTrump 
‚ñ™Ô∏èDon‚Äôt Blame The Kids
‚ñ™Ô∏èDon‚Äôt Blame This Parents
‚ñ™Ô∏èBLAME PRESIDENT @Bar‚Ä¶"
Mon Feb 12 21:08:39 +0000 2018,963157927321264128,864977320687226880,Tea Kreen,RT @BCCRSS: @BarackObama #TruthIsGod #TenCommandmentsIsTheLaw #TruthIsTheJudge #ReadTheBCCRSS #LegalDecoded https://t.co/ij6Y2SnIFh #TruthB‚Ä¶
Mon Feb 12 21:08:40 +0000 2018,963157932199366658,911743407445495808,DC Delgadoüáµüá∑üáµüá∑,@Morty_Fied @Chet_Cannon @Cernovich @HillaryClinton She‚Äôs hilarious
Mon Feb 12 21:08:40 +0000 2018,963157934116089856,811634122351345664,Jussst Beachy,RT @MrEdTrain: Nobody is safe from the Clinton cartel ! I repeat Nobody ! @ClintonFdn @HillaryClinton @BillClinton https://t.co/7zm51sSSEp
Mon Feb 12 21:08:42 +0000 2018,963157940160094208,28674574,44th POTUS PBO,RT @davidaxelrod: Just left the wonderful unveiling of the portraits of @BarackObama and @MichelleObama at the National Portrait Gallery.‚Ä¶
Mon Feb 12 21:08:42 +0000 2018,963157940311085061,201452953,MS. AJAKAIYE ü¶ãü§πüèø,RT @ChrissyCole: Excuse the dramatic gasp. Kehinde Wiley's portrait of @BarackObama is literally breathtaking. https://t.co/9wgmViyp45
Mon Feb 12 21:08:42 +0000 2018,963157941888135169,37393797,Eric Phillips,@jamespkruse @Fuctupmind @AmericanHotLips @passionchica @carrieksada @thebradfordfile @SKYRIDER4538 @michaelbeatty3‚Ä¶ https://t.co/nOlMoaBwh0
Mon Feb 12 21:08:43 +0000 2018,963157945063170048,2762740884,Taembby 6v6,RT @THR: .@BarackObama &amp; @MichelleObama paintings unveiled at the National Portrait Gallery https://t.co/3iM3m6u6X1 https://t.co/Wmtqrwh6B1
Mon Feb 12 21:08:44 +0000 2018,963157950100459520,273807743,Robert Garza,RT @T_S_P_O_O_K_Y: There's no doubt at this point that @BarackObama was aware of the felonies being committed by his administration - @Moni‚Ä¶
Mon Feb 12 21:08:45 +0000 2018,963157952390672384,15119529,Lisa Fleisher,RT @realDonaldTrump: Greece's financial calamity should serve as a warning. @BarackObama's massive deficit spending is unsustainable.
Mon Feb 12 21:08:45 +0000 2018,963157953338634240,3297022953,Kevin W,"RT @SiddonsDan: NO DACA

‚ñ™Ô∏èDon‚Äôt Blame President @realDonaldTrump 
‚ñ™Ô∏èDon‚Äôt Blame The Kids
‚ñ™Ô∏èDon‚Äôt Blame This Parents
‚ñ™Ô∏èBLAME PRESIDENT @Bar‚Ä¶"
Mon Feb 12 21:08:46 +0000 2018,963157957306404869,917442721907986433,Truthful Investigations,"RT @SiddonsDan: NO DACA

‚ñ™Ô∏èDon‚Äôt Blame President @realDonaldTrump 
‚ñ™Ô∏èDon‚Äôt Blame The Kids
‚ñ™Ô∏èDon‚Äôt Blame This Parents
‚ñ™Ô∏èBLAME PRESIDENT @Bar‚Ä¶"
Mon Feb 12 21:08:46 +0000 2018,963157959902711808,914154046382051328,Robbus Deplorablus,"RT @labuda_robert: @AdamSchiffCA 

Don‚Äôt allow the pundits in the liberal media to fool you Schiff; we‚Äôre onto you. 

You are actively obst‚Ä¶"
Mon Feb 12 21:08:47 +0000 2018,963157961211342849,3147595642,metamorformoz,"RT @zaimogluazad: #ErdoƒüanDiyorki
VURDUKMU TAM VURURUZ....

OSMANLI TOKATI GELƒ∞YOR...
@realDonaldTrump @HillaryClinton @fhollande @theresa_‚Ä¶"
Mon Feb 12 21:08:48 +0000 2018,963157964919132162,757057810626584576,Chris hammer üåπüçûüìöüîá,"RT @PositivelyJoan: RT@jacobinmag
""I am proud to say that Henry Kissinger is not my friend.""  Two years ago today @BernieSanders attacked t‚Ä¶"
Mon Feb 12 21:08:48 +0000 2018,963157966655541248,772896788768559104,Skiin üê± Glee,RT @JcChalupa: @WaydeDe @USnationShaker @RogerGascoigne @politicalirony1 @nuiotwo @TruthGatorTroy @upbeatme @_edwardmondini_ @LLViola @Aelf‚Ä¶
Mon Feb 12 21:08:48 +0000 2018,963157966445826051,406525886,bud ‚ôç,RT @InstantRHIplay: President @BarackObama's official presidential portrait has now been unveiled. Kehinde Wiley produced the 44th presiden‚Ä¶
